# Y,Z (mm, nose centre origin, +Z = large-pin side, -Z = notch side)
15.297,14.583
15.382,14.542
15.460,14.500
15.535,14.455
16.341,13.952
16.415,13.903
16.486,13.850
16.547,13.799
17.269,13.175
17.322,13.127
17.374,13.077
17.424,13.025
17.471,12.971
18.010,12.351
18.056,12.295
18.099,12.237
18.140,12.177
18.594,11.496
18.633,11.435
18.669,11.372
18.703,11.308
19.065,10.577
19.096,10.512
19.125,10.446
19.151,10.378
19.174,10.310
19.187,10.270
19.198,10.229
19.375,9.712
19.464,9.450
19.519,9.179
19.627,8.645
19.656,8.526
19.679,8.405
19.698,8.282
19.724,8.038
19.832,6.939
19.855,6.612
19.881,6.030
19.931,4.963
19.958,4.427
19.891,3.355
19.826,2.289
19.810,1.898
19.786,1.511
19.743,1.060
19.679,0.611
19.341,-1.518
19.262,-1.934
19.166,-2.346
18.564,-4.503
18.449,-4.911
18.318,-5.313
18.169,-5.709
17.320,-7.805
17.155,-8.195
16.973,-8.577
16.775,-8.952
16.655,-9.162
16.529,-9.369
15.993,-10.350
15.815,-10.677
15.458,-11.331
15.397,-11.424
15.279,-11.605
15.231,-11.680
15.194,-11.733
14.997,-11.994
14.964,-12.037
14.931,-12.075
14.896,-12.111
14.433,-12.570
14.397,-12.605
14.359,-12.639
14.310,-12.678
14.260,-12.717
14.090,-12.850
14.002,-12.918
13.478,-13.261
13.216,-13.432
12.430,-13.947
12.087,-14.191
11.733,-14.418
11.368,-14.628
10.994,-14.821
9.299,-15.641
8.916,-15.815
8.525,-15.970
8.127,-16.107
6.342,-16.702
5.939,-16.819
5.529,-16.916
3.684,-17.277
3.271,-17.354
2.854,-17.412
2.436,-17.449
2.156,-17.463
1.876,-17.467
-0.000,-17.588
-1.876,-17.467
-2.156,-17.463
-2.436,-17.449
-2.854,-17.412
-3.271,-17.354
-3.684,-17.277
-5.529,-16.916
-5.939,-16.819
-6.342,-16.702
-8.127,-16.107
-8.525,-15.970
-8.916,-15.815
-9.299,-15.641
-10.994,-14.821
-11.368,-14.628
-11.733,-14.418
-12.087,-14.191
-12.430,-13.947
-13.216,-13.432
-13.478,-13.261
-14.002,-12.918
-14.090,-12.850
-14.260,-12.717
-14.310,-12.678
-14.359,-12.639
-14.397,-12.605
-14.433,-12.570
-14.896,-12.111
-14.931,-12.075
-14.964,-12.037
-14.997,-11.994
-15.194,-11.733
-15.231,-11.680
-15.279,-11.605
-15.397,-11.424
-15.458,-11.331
-15.815,-10.677
-15.993,-10.350
-16.529,-9.369
-16.655,-9.162
-16.775,-8.952
-16.973,-8.577
-17.155,-8.195
-17.320,-7.805
-18.169,-5.709
-18.318,-5.313
-18.449,-4.911
-18.564,-4.503
-19.166,-2.346
-19.262,-1.934
-19.341,-1.518
-19.679,0.611
-19.743,1.060
-19.786,1.511
-19.810,1.898
-19.826,2.289
-19.891,3.355
-19.913,3.711
-19.958,4.427
-19.931,4.963
-19.881,6.030
-19.855,6.612
-19.832,6.939
-19.724,8.038
-19.698,8.282
-19.679,8.405
-19.656,8.526
-19.627,8.645
-19.519,9.179
-19.464,9.450
-19.386,9.679
-19.121,10.454
-19.106,10.485
-19.076,10.546
-18.655,11.397
-18.598,11.483
-18.070,12.276
-18.045,12.309
-18.019,12.343
-17.974,12.400
-17.906,12.478
-17.288,13.162
-17.106,13.318
-16.345,13.953
-15.929,14.212
-15.302,14.582
-15.042,14.684
-14.209,15.037
-13.788,15.216
-13.086,15.440
-11.687,15.885
-11.414,15.977
-11.137,16.060
-10.740,16.163
-10.338,16.247
-6.026,17.139
-5.621,17.205
-5.213,17.252
-3.021,17.475
-2.612,17.504
-2.202,17.513
-0.735,17.563
0.000,17.588
0.735,17.563
2.202,17.513
2.612,17.504
3.021,17.475
5.213,17.252
5.621,17.205
6.026,17.139
10.338,16.247
10.740,16.163
11.137,16.060
11.414,15.977
11.687,15.885
13.086,15.440
13.788,15.216
14.209,15.037
15.042,14.684
15.191,14.628
15.297,14.583
