time,state,progress,layer,bed,nozzle,chamber
21:54,RUNNING,13,8/27,70.0,250.0,42
21:59,RUNNING,15,10/27,70.0,243.0,43
22:04,RUNNING,17,11/27,70.0,270.0,42
22:09,RUNNING,21,11/27,70.0,250.0,41
22:15,RUNNING,23,12/27,70.0,250.0,43
22:20,RUNNING,25,13/27,70.0,250.0,43
22:25,RUNNING,26,13/27,70.0,269.0,42
22:30,RUNNING,29,13/27,70.0,270.0,42
22:36,RUNNING,33,14/27,70.0,250.0,42
22:41,RUNNING,35,14/27,70.0,268.0,42
22:46,RUNNING,38,15/27,70.0,250.0,42
22:52,RUNNING,39,15/27,70.0,270.0,42
22:57,RUNNING,42,15/27,70.0,270.0,42
23:02,RUNNING,46,16/27,70.0,250.0,42
23:07,RUNNING,47,16/27,70.0,268.0,42
23:13,RUNNING,51,17/27,70.0,250.0,42
23:18,RUNNING,52,17/27,70.0,270.0,42
23:23,RUNNING,54,17/27,70.0,270.0,42
23:28,RUNNING,58,18/27,70.0,250.0,42
23:34,RUNNING,60,18/27,70.0,269.0,42
23:39,RUNNING,63,19/27,70.0,250.0,43
23:44,RUNNING,64,19/27,70.0,270.0,43
23:50,RUNNING,67,19/27,70.0,270.0,42
23:55,RUNNING,71,20/27,70.0,250.0,42
00:00,RUNNING,73,20/27,70.0,270.0,42
00:05,RUNNING,76,21/27,70.0,250.0,43
00:11,RUNNING,76,21/27,70.0,267.0,42
00:16,RUNNING,80,22/27,70.0,268.0,43
00:21,RUNNING,82,23/27,70.0,270.0,42
00:27,RUNNING,86,23/27,70.0,250.0,42
00:32,RUNNING,89,24/27,70.0,250.0,42
00:37,RUNNING,89,25/27,70.0,270.0,42
00:42,RUNNING,93,26/27,70.0,252.0,42
00:48,RUNNING,96,27/27,70.0,270.0,42
00:53,RUNNING,99,27/27,70.0,250.0,41
00:58,FINISH,100,27/27,61.0,77.0,41
